<?xml version="1.0"?>
<config xmlns:xsi="http://www.w3.org/2001/XMLSchema-instance"
        xsi:noNamespaceSchemaLocation="urn:magento:framework:Backend/etc/system_file.xsd">
    <system>
        <tab id="iwd" translate="label" sortOrder="999998" class="iwd-extensions-tab">
            <label>IWD Agency</label>
        </tab>
        <section id="iwd_opc" translate="label" sortOrder="1" showInDefault="1" showInWebsite="1" showInStore="1">
            <label>Checkout Suite</label>
            <tab>iwd</tab>
            <resource>IWD_Opc::system_config</resource>
            <group id="general" translate="label" type="text"
                   sortOrder="1" showInDefault="1" showInWebsite="1" showInStore="1">
                <label>General</label>
                <field id="version" translate="label" type="text"
                       sortOrder="1" showInDefault="1" showInWebsite="1" showInStore="1">
                    <label>Version</label>
                    <frontend_model>IWD\Opc\Block\Adminhtml\System\Config\Version</frontend_model>
                </field>
                <field id="documentation" translate="label" type="text"
                       sortOrder="2" showInDefault="1" showInWebsite="1" showInStore="1">
                    <label>Documentation</label>
                    <frontend_model>IWD\Opc\Block\Adminhtml\System\Config\Documentation</frontend_model>
                </field>
                <field id="enable" translate="label" type="select"
                       sortOrder="3" showInDefault="1" showInWebsite="1" showInStore="1">
                    <label>Enable Module?</label>
                    <source_model>Magento\Config\Model\Config\Source\Yesno</source_model>
                </field>
            </group>
            <group id="extended" translate="label" type="text"
                   sortOrder="2" showInDefault="1" showInWebsite="1" showInStore="1">
                <label>Extended Settings</label>
                <field id="title" translate="label" type="text"
                       sortOrder="1" showInDefault="1" showInWebsite="1" showInStore="1">
                    <label>Meta Title</label>
                </field>
                <field id="show_discount" translate="label" type="select"
                       sortOrder="2" showInDefault="1" showInWebsite="1" showInStore="1">
                    <label>Show discount form?</label>
                    <source_model>Magento\Config\Model\Config\Source\Yesno</source_model>
                </field>
                <field id="show_comment" translate="label" type="select"
                       sortOrder="3" showInDefault="1" showInWebsite="1" showInStore="1">
                    <label>Show comment field?</label>
                    <source_model>Magento\Config\Model\Config\Source\Yesno</source_model>
                </field>
                <field id="show_gift_message" translate="label" type="select"
                       sortOrder="4" showInDefault="1" showInWebsite="1" showInStore="1">
                    <label>Show gift message form?</label>
                    <source_model>Magento\Config\Model\Config\Source\Yesno</source_model>
                </field>
                <field id="show_success_page" translate="label" type="select"
                       sortOrder="5" showInDefault="1" showInWebsite="1" showInStore="1">
                    <label>Show custom success page?</label>
                    <source_model>Magento\Config\Model\Config\Source\Yesno</source_model>
                </field>
                <field id="show_login_button" translate="label" type="select"
                       sortOrder="6" showInDefault="1" showInWebsite="1" showInStore="1">
                    <label>Show login button on top-left corner of the page?</label>
                    <source_model>Magento\Config\Model\Config\Source\Yesno</source_model>
                </field>
                <field id="show_subscribe" translate="label" type="select"
                       sortOrder="7" showInDefault="1" showInWebsite="1" showInStore="1">
                    <label>Show Subscribe to Newsletter?</label>
                    <source_model>Magento\Config\Model\Config\Source\Yesno</source_model>
                </field>
                <field id="subscribe_by_default" translate="label" type="select"
                       sortOrder="8" showInDefault="1" showInWebsite="1" showInStore="1">
                    <label>Check Subscribe to Newsletter by Default?</label>
                    <source_model>Magento\Config\Model\Config\Source\Yesno</source_model>
                </field>
                <field id="default_shipping_method" translate="label comment" type="select"
                       sortOrder="9" showInDefault="1" showInWebsite="1" showInStore="1">
                    <label>Default Shipping Method</label>
                    <source_model>IWD\Opc\Model\Config\Source\Shipping</source_model>
                </field>
                <field id="default_payment_method" translate="label" type="select"
                    sortOrder="10" showInDefault="1" showInWebsite="1" showInStore="1">
                    <label>Default Payment Method</label>
                    <source_model>IWD\Opc\Model\Config\Source\Payment</source_model>
                </field>
                <field id="payment_title_type" translate="label" type="select"
                       sortOrder="11" showInDefault="1" showInWebsite="1" showInStore="1">
                    <label>Payment method title display type</label>
                    <source_model>IWD\Opc\Model\Config\Source\PaymentTitle</source_model>
                </field>
                <field id="assign_order" translate="label" type="select"
                       sortOrder="12" showInDefault="1" showInWebsite="1" showInStore="1">
                    <label>Assign order to customer if customer were not logged in (by email)?</label>
                    <source_model>Magento\Config\Model\Config\Source\Yesno</source_model>
                </field>
                <field id="reload_shipping_methods_on_discount" translate="label comment" type="select"
                       sortOrder="13" showInDefault="1" showInWebsite="1" showInStore="1">
                    <label>Reload shipping methods during applying/removing discount?</label>
                    <source_model>Magento\Config\Model\Config\Source\Yesno</source_model>
                    <comment><![CDATA[If yes, then shipping methods will be reloaded when customer will applies/removes discount on checkout page. You should enable it if you offer discounts which make shipping free.]]></comment>
                </field>
                <field id="use_iwd_checkout_experience" translate="label comment" type="select"
                       sortOrder="14" showInDefault="1" showInWebsite="1" showInStore="1">
                       <label>Use IWD's Guest Checkout Experience</label>
                       <source_model>Magento\Config\Model\Config\Source\Yesno</source_model>
                       <comment><![CDATA[If "Yes", then guests may checkout even if Magento's Guest Checkout setting is disabled. If "No", then users will be forced to create an account to checkout. Setting this as no, may affect your conversion rate.]]></comment>
                </field>
                <field id="show_all_ship_methods" translate="label" type="select"
                       sortOrder="15" showInDefault="1" showInWebsite="1" showInStore="1">
                    <label>Show All shipping methods in one select-box?</label>
                    <source_model>Magento\Config\Model\Config\Source\Yesno</source_model>
                </field>
            </group>
            <group id="restrict_payment" translate="label" type="text"
                   sortOrder="3" showInDefault="1" showInWebsite="1" showInStore="1">
                <label>Restrict Payment Methods by customer groups</label>
                <field id="enable" translate="label" type="select"
                       sortOrder="1" showInDefault="1" showInWebsite="1" showInStore="1">
                    <label>Enable?</label>
                    <source_model>Magento\Config\Model\Config\Source\Yesno</source_model>
                </field>
                <field id="methods" translate="label" type="select"
                       sortOrder="2" showInDefault="1" showInWebsite="1" showInStore="1">
                    <frontend_model>IWD\Opc\Block\Adminhtml\System\Config\RestrictPayment</frontend_model>
                    <backend_model>IWD\Opc\Model\Config\Backend\RestrictPayment</backend_model>
                </field>
            </group>
            <group id="ga_ab_test" translate="label" type="text"
                   sortOrder="4" showInDefault="1" showInWebsite="1" showInStore="1">
                <label>Google Analytics Web Experiments</label>
                <field id="enable" translate="label comment" type="select"
                       sortOrder="1" showInDefault="1" showInWebsite="1" showInStore="1">
                    <label>Enable?</label>
                    <source_model>Magento\Config\Model\Config\Source\Yesno</source_model>
                    <comment><![CDATA[To use Google Analytics Web Experiments you should enable and configure Google Analytics for your website in "System/Sales/Google API". Also, you should configure 2 variants(pages) of experiment: "Native checkout page" - original page(with url "@your_store_url@/checkout") and "IWD Checkout Page"(with url "@your_store_url@/onepage").]]></comment>
                </field>
                <field id="code" translate="label comment" type="textarea"
                       sortOrder="2" showInDefault="1" showInWebsite="1" showInStore="1">
                    <label>Google Analytics Experiment code</label>
                    <comment><![CDATA[You will get this code after experiment registered in Google Analytics account]]></comment>
                    <depends>
                        <field id="enable">1</field>
                    </depends>
                </field>
            </group>
        </section>
    </system>
</config>
