<?xml version="1.0"?>
<!--
/**
 * Copyright © 2015 MageWorx. All rights reserved.
 * See LICENSE.txt for license details.
 */
 -->
<config xmlns:xsi="http://www.w3.org/2001/XMLSchema-instance" xsi:noNamespaceSchemaLocation="urn:magento:framework:Acl/etc/acl.xsd">
    <acl>
        <resources>
            <resource id="Magento_Backend::admin">
                <resource id="Magento_Backend::stores">
                    <resource id="Magento_CurrencySymbol::system_currency" title="Currency" sortOrder="30">
                        <resource id="MageWorx_CurrencySwitcher::system_currency_relations" title="Currency Relations (by MageWorx)" sortOrder="30" />
                    </resource>
                    <resource id="Magento_Backend::stores_settings">
                        <resource id="Magento_Config::config">
                            <resource id="MageWorx_CurrencySwitcher::config_currencyswitcher" title="Currency Switcher Section (by MageWorx)" sortOrder="70"/>
                        </resource>
                    </resource>
                </resource>
            </resource>
        </resources>
    </acl>
</config>